Trạm,Năm,Tháng,Giá trị
Co To,2014,Jan,189.0
Co To,2014,Feb,187.0
Co To,2014,Mar,190.0
Co To,2014,Apr,193.0
Co To,2014,May,188.0
Co To,2014,Jun,189.0
Co To,2014,Jul,199.0
Co To,2014,Aug,195.0
Co To,2014,Sep,207.0
Co To,2014,Oct,216.0
Co To,2014,Nov,220.0
Co To,2014,Dec,211.0
Cua Ong,2014,Jan,240.0
Cua Ong,2014,Feb,243.0
Cua Ong,2014,Mar,241.0
Cua Ong,2014,Apr,247.0
Cua Ong,2014,May,245.0
Cua Ong,2014,Jun,245.0
Cua Ong,2014,Jul,247.0
Cua Ong,2014,Aug,245.0
Cua Ong,2014,Sep,255.0
Cua Ong,2014,Oct,272.0
Cua Ong,2014,Nov,262.0
Cua Ong,2014,Dec,250.0
Bai Chay,2014,Jan,204.0
Bai Chay,2014,Feb,208.0
Bai Chay,2014,Mar,204.0
Bai Chay,2014,Apr,210.0
Bai Chay,2014,May,208.0
Bai Chay,2014,Jun,208.0
Bai Chay,2014,Jul,210.0
Bai Chay,2014,Aug,211.0
Bai Chay,2014,Sep,218.0
Bai Chay,2014,Oct,233.0
Bai Chay,2014,Nov,225.0
Bai Chay,2014,Dec,216.0
Hon Dau,2014,Jan,191.0
Hon Dau,2014,Feb,194.0
Hon Dau,2014,Mar,190.0
Hon Dau,2014,Apr,194.0
Hon Dau,2014,May,192.0
Hon Dau,2014,Jun,194.0
Hon Dau,2014,Jul,192.0
Hon Dau,2014,Aug,190.0
Hon Dau,2014,Sep,206.0
Hon Dau,2014,Oct,224.0
Hon Dau,2014,Nov,215.0
Hon Dau,2014,Dec,207.0
Bach Long Vi,2014,Jan,145.0
Bach Long Vi,2014,Feb,149.0
Bach Long Vi,2014,Mar,147.0
Bach Long Vi,2014,Apr,149.0
Bach Long Vi,2014,May,147.0
Bach Long Vi,2014,Jun,152.0
Bach Long Vi,2014,Jul,148.0
Bach Long Vi,2014,Aug,152.0
Bach Long Vi,2014,Sep,154.0
Bach Long Vi,2014,Oct,171.0
Bach Long Vi,2014,Nov,169.0
Bach Long Vi,2014,Dec,152.0
Sam Son,2014,Jan,188.0
Sam Son,2014,Feb,183.0
Sam Son,2014,Mar,186.0
Sam Son,2014,Apr,191.0
Sam Son,2014,May,191.0
Sam Son,2014,Jun,192.0
Sam Son,2014,Jul,190.0
Sam Son,2014,Aug,195.0
Sam Son,2014,Sep,204.0
Sam Son,2014,Oct,209.0
Sam Son,2014,Nov,206.0
Sam Son,2014,Dec,197.0
Hon Ngu,2014,Jan,152.0
Hon Ngu,2014,Feb,166.0
Hon Ngu,2014,Mar,163.0
Hon Ngu,2014,Apr,164.0
Hon Ngu,2014,May,160.0
Hon Ngu,2014,Jun,157.0
Hon Ngu,2014,Jul,159.0
Hon Ngu,2014,Aug,156.0
Hon Ngu,2014,Sep,172.0
Hon Ngu,2014,Oct,197.0
Hon Ngu,2014,Nov,189.0
Hon Ngu,2014,Dec,182.0
Con Co,2014,Jan,81.0
Con Co,2014,Feb,81.0
Con Co,2014,Mar,73.0
Con Co,2014,Apr,67.0
Con Co,2014,May,61.0
Con Co,2014,Jun,61.0
Con Co,2014,Jul,63.0
Con Co,2014,Aug,62.0
Con Co,2014,Sep,73.0
Con Co,2014,Oct,100.0
Con Co,2014,Nov,99.0
Con Co,2014,Dec,101.0
Son Tra,2014,Jan,99.0
Son Tra,2014,Feb,98.0
Son Tra,2014,Mar,92.0
Son Tra,2014,Apr,87.0
Son Tra,2014,May,84.0
Son Tra,2014,Jun,85.0
Son Tra,2014,Jul,86.0
Son Tra,2014,Aug,84.0
Son Tra,2014,Sep,98.0
Son Tra,2014,Oct,122.0
Son Tra,2014,Nov,119.0
Son Tra,2014,Dec,122.0
Quy Nhon,2014,Jan,159.0
Quy Nhon,2014,Feb,157.0
Quy Nhon,2014,Mar,153.0
Quy Nhon,2014,Apr,152.0
Quy Nhon,2014,May,145.0
Quy Nhon,2014,Jun,145.0
Quy Nhon,2014,Jul,146.0
Quy Nhon,2014,Aug,143.0
Quy Nhon,2014,Sep,154.0
Quy Nhon,2014,Oct,172.0
Quy Nhon,2014,Nov,173.0
Quy Nhon,2014,Dec,179.0
Phu Quy,2014,Jan,221.0
Phu Quy,2014,Feb,222.0
Phu Quy,2014,Mar,216.0
Phu Quy,2014,Apr,220.0
Phu Quy,2014,May,217.0
Phu Quy,2014,Jun,219.0
Phu Quy,2014,Jul,221.0
Phu Quy,2014,Aug,226.0
Phu Quy,2014,Sep,221.0
Phu Quy,2014,Oct,225.0
Phu Quy,2014,Nov,225.0
Phu Quy,2014,Dec,230.0
Truong Sa,2014,Jan,246.0
Truong Sa,2014,Feb,247.0
Truong Sa,2014,Mar,243.0
Truong Sa,2014,Apr,240.0
Truong Sa,2014,May,238.0
Truong Sa,2014,Jun,238.0
Truong Sa,2014,Jul,237.0
Truong Sa,2014,Aug,241.0
Truong Sa,2014,Sep,243.0
Truong Sa,2014,Oct,242.0
Truong Sa,2014,Nov,243.0
Truong Sa,2014,Dec,238.0
Vung Tau,2014,Jan,281.0
Vung Tau,2014,Feb,276.0
Vung Tau,2014,Mar,271.0
Vung Tau,2014,Apr,264.0
Vung Tau,2014,May,257.0
Vung Tau,2014,Jun,245.0
Vung Tau,2014,Jul,243.0
Vung Tau,2014,Aug,247.0
Vung Tau,2014,Sep,252.0
Vung Tau,2014,Oct,278.0
Vung Tau,2014,Nov,285.0
Vung Tau,2014,Dec,292.0
Con Dao,2014,Jan,265.0
Con Dao,2014,Feb,261.0
Con Dao,2014,Mar,257.0
Con Dao,2014,Apr,250.0
Con Dao,2014,May,245.0
Con Dao,2014,Jun,235.0
Con Dao,2014,Jul,235.0
Con Dao,2014,Aug,240.0
Con Dao,2014,Sep,245.0
Con Dao,2014,Oct,268.0
Con Dao,2014,Nov,270.0
Con Dao,2014,Dec,277.0
Tho Chu,2014,Jan,98.0
Tho Chu,2014,Feb,91.0
Tho Chu,2014,Mar,89.0
Tho Chu,2014,Apr,79.0
Tho Chu,2014,May,73.0
Tho Chu,2014,Jun,67.0
Tho Chu,2014,Jul,68.0
Tho Chu,2014,Aug,73.0
Tho Chu,2014,Sep,77.0
Tho Chu,2014,Oct,92.0
Tho Chu,2014,Nov,98.0
Tho Chu,2014,Dec,110.0
Phu Quoc,2014,Jan,106.0
Phu Quoc,2014,Feb,100.0
Phu Quoc,2014,Mar,97.0
Phu Quoc,2014,Apr,87.0
Phu Quoc,2014,May,82.0
Phu Quoc,2014,Jun,78.0
Phu Quoc,2014,Jul,80.0
Phu Quoc,2014,Aug,82.0
Phu Quoc,2014,Sep,87.0
Phu Quoc,2014,Oct,102.0
Phu Quoc,2014,Nov,110.0
Phu Quoc,2014,Dec,115.0
Co To,2015,Jan,199.0
Co To,2015,Feb,198.0
Co To,2015,Mar,203.0
Co To,2015,Apr,201.0
Co To,2015,May,200.0
Co To,2015,Jun,200.0
Co To,2015,Jul,197.0
Co To,2015,Aug,210.0
Co To,2015,Sep,218.0
Co To,2015,Oct,221.0
Co To,2015,Nov,218.0
Co To,2015,Dec,210.0
Cua Ong,2015,Jan,241.0
Cua Ong,2015,Feb,239.0
Cua Ong,2015,Mar,243.0
Cua Ong,2015,Apr,242.0
Cua Ong,2015,May,243.0
Cua Ong,2015,Jun,244.0
Cua Ong,2015,Jul,244.0
Cua Ong,2015,Aug,251.0
Cua Ong,2015,Sep,259.0
Cua Ong,2015,Oct,262.0
Cua Ong,2015,Nov,264.0
Cua Ong,2015,Dec,255.0
Bai Chay,2015,Jan,208.0
Bai Chay,2015,Feb,207.0
Bai Chay,2015,Mar,210.0
Bai Chay,2015,Apr,205.0
Bai Chay,2015,May,209.0
Bai Chay,2015,Jun,209.0
Bai Chay,2015,Jul,207.0
Bai Chay,2015,Aug,212.0
Bai Chay,2015,Sep,224.0
Bai Chay,2015,Oct,224.0
Bai Chay,2015,Nov,227.0
Bai Chay,2015,Dec,217.0
Hon Dau,2015,Jan,195.0
Hon Dau,2015,Feb,193.0
Hon Dau,2015,Mar,195.0
Hon Dau,2015,Apr,193.0
Hon Dau,2015,May,194.0
Hon Dau,2015,Jun,192.0
Hon Dau,2015,Jul,190.0
Hon Dau,2015,Aug,202.0
Hon Dau,2015,Sep,211.0
Hon Dau,2015,Oct,210.0
Hon Dau,2015,Nov,213.0
Hon Dau,2015,Dec,204.0
Bach Long Vi,2015,Jan,135.0
Bach Long Vi,2015,Feb,142.0
Bach Long Vi,2015,Mar,143.0
Bach Long Vi,2015,Apr,145.0
Bach Long Vi,2015,May,152.0
Bach Long Vi,2015,Jun,151.0
Bach Long Vi,2015,Jul,150.0
Bach Long Vi,2015,Aug,152.0
Bach Long Vi,2015,Sep,161.0
Bach Long Vi,2015,Oct,158.0
Bach Long Vi,2015,Nov,160.0
Bach Long Vi,2015,Dec,156.0
Sam Son,2015,Jan,189.0
Sam Son,2015,Feb,185.0
Sam Son,2015,Mar,183.0
Sam Son,2015,Apr,188.0
Sam Son,2015,May,188.0
Sam Son,2015,Jun,188.0
Sam Son,2015,Jul,185.0
Sam Son,2015,Aug,194.0
Sam Son,2015,Sep,199.0
Sam Son,2015,Oct,207.0
Sam Son,2015,Nov,208.0
Sam Son,2015,Dec,199.0
Hon Ngu,2015,Jan,166.0
Hon Ngu,2015,Feb,161.0
Hon Ngu,2015,Mar,163.0
Hon Ngu,2015,Apr,159.0
Hon Ngu,2015,May,154.0
Hon Ngu,2015,Jun,151.0
Hon Ngu,2015,Jul,155.0
Hon Ngu,2015,Aug,162.0
Hon Ngu,2015,Sep,181.0
Hon Ngu,2015,Oct,188.0
Hon Ngu,2015,Nov,192.0
Hon Ngu,2015,Dec,188.0
Con Co,2015,Jan,85.0
Con Co,2015,Feb,78.0
Con Co,2015,Mar,74.0
Con Co,2015,Apr,71.0
Con Co,2015,May,60.0
Con Co,2015,Jun,55.0
Con Co,2015,Jul,63.0
Con Co,2015,Aug,68.0
Con Co,2015,Sep,81.0
Con Co,2015,Oct,89.0
Con Co,2015,Nov,97.0
Con Co,2015,Dec,97.0
Son Tra,2015,Jan,101.0
Son Tra,2015,Feb,94.0
Son Tra,2015,Mar,90.0
Son Tra,2015,Apr,89.0
Son Tra,2015,May,80.0
Son Tra,2015,Jun,77.0
Son Tra,2015,Jul,83.0
Son Tra,2015,Aug,89.0
Son Tra,2015,Sep,102.0
Son Tra,2015,Oct,111.0
Son Tra,2015,Nov,111.0
Son Tra,2015,Dec,114.0
Quy Nhon,2015,Jan,161.0
Quy Nhon,2015,Feb,153.0
Quy Nhon,2015,Mar,148.0
Quy Nhon,2015,Apr,146.0
Quy Nhon,2015,May,138.0
Quy Nhon,2015,Jun,136.0
Quy Nhon,2015,Jul,139.0
Quy Nhon,2015,Aug,148.0
Quy Nhon,2015,Sep,158.0
Quy Nhon,2015,Oct,165.0
Quy Nhon,2015,Nov,168.0
Quy Nhon,2015,Dec,171.0
Phu Quy,2015,Jan,224.0
Phu Quy,2015,Feb,218.0
Phu Quy,2015,Mar,217.0
Phu Quy,2015,Apr,216.0
Phu Quy,2015,May,212.0
Phu Quy,2015,Jun,217.0
Phu Quy,2015,Jul,216.0
Phu Quy,2015,Aug,216.0
Phu Quy,2015,Sep,213.0
Phu Quy,2015,Oct,224.0
Phu Quy,2015,Nov,223.0
Phu Quy,2015,Dec,229.0
Truong Sa,2015,Jan,239.0
Truong Sa,2015,Feb,240.0
Truong Sa,2015,Mar,239.0
Truong Sa,2015,Apr,239.0
Truong Sa,2015,May,236.0
Truong Sa,2015,Jun,236.0
Truong Sa,2015,Jul,237.0
Truong Sa,2015,Aug,229.0
Truong Sa,2015,Sep,239.0
Truong Sa,2015,Oct,240.0
Truong Sa,2015,Nov,238.0
Truong Sa,2015,Dec,238.0
Vung Tau,2015,Jan,280.0
Vung Tau,2015,Feb,271.0
Vung Tau,2015,Mar,264.0
Vung Tau,2015,Apr,263.0
Vung Tau,2015,May,248.0
Vung Tau,2015,Jun,246.0
Vung Tau,2015,Jul,242.0
Vung Tau,2015,Aug,245.0
Vung Tau,2015,Sep,256.0
Vung Tau,2015,Oct,278.0
Vung Tau,2015,Nov,284.0
Vung Tau,2015,Dec,289.0
Con Dao,2015,Jan,268.0
Con Dao,2015,Feb,260.0
Con Dao,2015,Mar,253.0
Con Dao,2015,Apr,252.0
Con Dao,2015,May,238.0
Con Dao,2015,Jun,236.0
Con Dao,2015,Jul,233.0
Con Dao,2015,Aug,240.0
Con Dao,2015,Sep,245.0
Con Dao,2015,Oct,263.0
Con Dao,2015,Nov,267.0
Con Dao,2015,Dec,272.0
Tho Chu,2015,Jan,98.0
Tho Chu,2015,Feb,90.0
Tho Chu,2015,Mar,84.0
Tho Chu,2015,Apr,81.0
Tho Chu,2015,May,67.0
Tho Chu,2015,Jun,64.0
Tho Chu,2015,Jul,63.0
Tho Chu,2015,Aug,67.0
Tho Chu,2015,Sep,72.0
Tho Chu,2015,Oct,86.0
Tho Chu,2015,Nov,93.0
Tho Chu,2015,Dec,103.0
Phu Quoc,2015,Jan,107.0
Phu Quoc,2015,Feb,102.0
Phu Quoc,2015,Mar,93.0
Phu Quoc,2015,Apr,89.0
Phu Quoc,2015,May,77.0
Phu Quoc,2015,Jun,75.0
Phu Quoc,2015,Jul,77.0
Phu Quoc,2015,Aug,77.0
Phu Quoc,2015,Sep,89.0
Phu Quoc,2015,Oct,108.0
Phu Quoc,2015,Nov,116.0
Phu Quoc,2015,Dec,123.0
Co To,2017,Jan,214.0
Co To,2017,Feb,211.0
Co To,2017,Mar,212.0
Co To,2017,Apr,208.0
Co To,2017,May,207.0
Co To,2017,Jun,206.0
Co To,2017,Jul,210.0
Co To,2017,Aug,210.0
Co To,2017,Sep,219.0
Co To,2017,Oct,228.0
Co To,2017,Nov,224.0
Co To,2017,Dec,212.0
Cua Ong,2017,Jan,256.0
Cua Ong,2017,Feb,251.0
Cua Ong,2017,Mar,251.0
Cua Ong,2017,Apr,250.0
Cua Ong,2017,May,246.0
Cua Ong,2017,Jun,248.0
Cua Ong,2017,Jul,256.0
Cua Ong,2017,Aug,253.0
Cua Ong,2017,Sep,264.0
Cua Ong,2017,Oct,280.0
Cua Ong,2017,Nov,266.0
Cua Ong,2017,Dec,254.0
Bai Chay,2017,Jan,220.0
Bai Chay,2017,Feb,213.0
Bai Chay,2017,Mar,215.0
Bai Chay,2017,Apr,212.0
Bai Chay,2017,May,209.0
Bai Chay,2017,Jun,210.0
Bai Chay,2017,Jul,216.0
Bai Chay,2017,Aug,217.0
Bai Chay,2017,Sep,225.0
Bai Chay,2017,Oct,240.0
Bai Chay,2017,Nov,226.0
Bai Chay,2017,Dec,219.0
Hon Dau,2017,Jan,208.0
Hon Dau,2017,Feb,202.0
Hon Dau,2017,Mar,202.0
Hon Dau,2017,Apr,199.0
Hon Dau,2017,May,196.0
Hon Dau,2017,Jun,198.0
Hon Dau,2017,Jul,204.0
Hon Dau,2017,Aug,201.0
Hon Dau,2017,Sep,212.0
Hon Dau,2017,Oct,231.0
Hon Dau,2017,Nov,216.0
Hon Dau,2017,Dec,204.0
Bach Long Vi,2017,Jan,151.0
Bach Long Vi,2017,Feb,150.0
Bach Long Vi,2017,Mar,152.0
Bach Long Vi,2017,Apr,156.0
Bach Long Vi,2017,May,147.0
Bach Long Vi,2017,Jun,147.0
Bach Long Vi,2017,Jul,149.0
Bach Long Vi,2017,Aug,151.0
Bach Long Vi,2017,Sep,166.0
Bach Long Vi,2017,Oct,171.0
Bach Long Vi,2017,Nov,165.0
Bach Long Vi,2017,Dec,158.0
Sam Son,2017,Jan,191.0
Sam Son,2017,Feb,195.0
Sam Son,2017,Mar,189.0
Sam Son,2017,Apr,189.0
Sam Son,2017,May,190.0
Sam Son,2017,Jun,186.0
Sam Son,2017,Jul,192.0
Sam Son,2017,Aug,197.0
Sam Son,2017,Sep,210.0
Sam Son,2017,Oct,214.0
Sam Son,2017,Nov,207.0
Sam Son,2017,Dec,199.0
Hon Ngu,2017,Jan,173.0
Hon Ngu,2017,Feb,165.0
Hon Ngu,2017,Mar,157.0
Hon Ngu,2017,Apr,158.0
Hon Ngu,2017,May,152.0
Hon Ngu,2017,Jun,147.0
Hon Ngu,2017,Jul,173.0
Hon Ngu,2017,Aug,158.0
Hon Ngu,2017,Sep,175.0
Hon Ngu,2017,Oct,202.0
Hon Ngu,2017,Nov,186.0
Hon Ngu,2017,Dec,173.0
Con Co,2017,Jan,89.0
Con Co,2017,Feb,91.0
Con Co,2017,Mar,82.0
Con Co,2017,Apr,76.0
Con Co,2017,May,70.0
Con Co,2017,Jun,65.0
Con Co,2017,Jul,71.0
Con Co,2017,Aug,71.0
Con Co,2017,Sep,82.0
Con Co,2017,Oct,109.0
Con Co,2017,Nov,109.0
Con Co,2017,Dec,104.0
Son Tra,2017,Jan,116.0
Son Tra,2017,Feb,109.0
Son Tra,2017,Mar,102.0
Son Tra,2017,Apr,98.0
Son Tra,2017,May,94.0
Son Tra,2017,Jun,90.0
Son Tra,2017,Jul,96.0
Son Tra,2017,Aug,92.0
Son Tra,2017,Sep,105.0
Son Tra,2017,Oct,134.0
Son Tra,2017,Nov,135.0
Son Tra,2017,Dec,121.0
Quy Nhon,2017,Jan,171.0
Quy Nhon,2017,Feb,165.0
Quy Nhon,2017,Mar,157.0
Quy Nhon,2017,Apr,153.0
Quy Nhon,2017,May,152.0
Quy Nhon,2017,Jun,146.0
Quy Nhon,2017,Jul,152.0
Quy Nhon,2017,Aug,147.0
Quy Nhon,2017,Sep,158.0
Quy Nhon,2017,Oct,180.0
Quy Nhon,2017,Nov,190.0
Quy Nhon,2017,Dec,178.0
Phu Quy,2017,Jan,231.0
Phu Quy,2017,Feb,224.0
Phu Quy,2017,Mar,218.0
Phu Quy,2017,Apr,217.0
Phu Quy,2017,May,217.0
Phu Quy,2017,Jun,218.0
Phu Quy,2017,Jul,219.0
Phu Quy,2017,Aug,222.0
Phu Quy,2017,Sep,223.0
Phu Quy,2017,Oct,234.0
Phu Quy,2017,Nov,234.0
Phu Quy,2017,Dec,234.0
Truong Sa,2017,Jan,239.0
Truong Sa,2017,Feb,239.0
Truong Sa,2017,Mar,239.0
Truong Sa,2017,Apr,237.0
Truong Sa,2017,May,236.0
Truong Sa,2017,Jun,238.0
Truong Sa,2017,Jul,239.0
Truong Sa,2017,Aug,244.0
Truong Sa,2017,Sep,241.0
Truong Sa,2017,Oct,237.0
Truong Sa,2017,Nov,243.0
Truong Sa,2017,Dec,240.0
Vung Tau,2017,Jan,294.0
Vung Tau,2017,Feb,288.0
Vung Tau,2017,Mar,277.0
Vung Tau,2017,Apr,272.0
Vung Tau,2017,May,265.0
Vung Tau,2017,Jun,253.0
Vung Tau,2017,Jul,252.0
Vung Tau,2017,Aug,253.0
Vung Tau,2017,Sep,265.0
Vung Tau,2017,Oct,290.0
Vung Tau,2017,Nov,297.0
Vung Tau,2017,Dec,299.0
Con Dao,2017,Jan,274.0
Con Dao,2017,Feb,269.0
Con Dao,2017,Mar,260.0
Con Dao,2017,Apr,256.0
Con Dao,2017,May,249.0
Con Dao,2017,Jun,240.0
Con Dao,2017,Jul,240.0
Con Dao,2017,Aug,242.0
Con Dao,2017,Sep,248.0
Con Dao,2017,Oct,270.0
Con Dao,2017,Nov,276.0
Con Dao,2017,Dec,242.0
Tho Chu,2017,Jan,105.0
Tho Chu,2017,Feb,99.0
Tho Chu,2017,Mar,89.0
Tho Chu,2017,Apr,81.0
Tho Chu,2017,May,76.0
Tho Chu,2017,Jun,68.0
Tho Chu,2017,Jul,69.0
Tho Chu,2017,Aug,73.0
Tho Chu,2017,Sep,76.0
Tho Chu,2017,Oct,92.0
Tho Chu,2017,Nov,103.0
Tho Chu,2017,Dec,106.0
Phu Quoc,2017,Jan,116.0
Phu Quoc,2017,Feb,113.0
Phu Quoc,2017,Mar,103.0
Phu Quoc,2017,Apr,95.0
Phu Quoc,2017,May,89.0
Phu Quoc,2017,Jun,82.0
Phu Quoc,2017,Jul,81.0
Phu Quoc,2017,Aug,88.0
Phu Quoc,2017,Sep,91.0
Phu Quoc,2017,Oct,105.0
Phu Quoc,2017,Nov,116.0
Phu Quoc,2017,Dec,118.0
Co To,2018,Jan,205.0
Co To,2018,Feb,197.0
Co To,2018,Mar,201.0
Co To,2018,Apr,207.0
Co To,2018,May,202.0
Co To,2018,Jun,204.0
Co To,2018,Jul,215.0
Co To,2018,Aug,212.0
Co To,2018,Sep,219.0
Co To,2018,Oct,228.0
Co To,2018,Nov,219.0
Co To,2018,Dec,215.0
Cua Ong,2018,Jan,251.0
Cua Ong,2018,Feb,242.0
Cua Ong,2018,Mar,241.0
Cua Ong,2018,Apr,242.0
Cua Ong,2018,May,246.0
Cua Ong,2018,Jun,251.0
Cua Ong,2018,Jul,258.0
Cua Ong,2018,Aug,254.0
Cua Ong,2018,Sep,261.0
Cua Ong,2018,Oct,271.0
Cua Ong,2018,Nov,264.0
Cua Ong,2018,Dec,260.0
Bai Chay,2018,Jan,211.0
Bai Chay,2018,Feb,211.0
Bai Chay,2018,Mar,208.0
Bai Chay,2018,Apr,206.0
Bai Chay,2018,May,211.0
Bai Chay,2018,Jun,209.0
Bai Chay,2018,Jul,216.0
Bai Chay,2018,Aug,214.0
Bai Chay,2018,Sep,219.0
Bai Chay,2018,Oct,229.0
Bai Chay,2018,Nov,228.0
Bai Chay,2018,Dec,221.0
Hon Dau,2018,Jan,199.0
Hon Dau,2018,Feb,192.0
Hon Dau,2018,Mar,190.0
Hon Dau,2018,Apr,191.0
Hon Dau,2018,May,195.0
Hon Dau,2018,Jun,197.0
Hon Dau,2018,Jul,207.0
Hon Dau,2018,Aug,198.0
Hon Dau,2018,Sep,207.0
Hon Dau,2018,Oct,218.0
Hon Dau,2018,Nov,214.0
Hon Dau,2018,Dec,210.0
Bach Long Vi,2018,Jan,145.0
Bach Long Vi,2018,Feb,143.0
Bach Long Vi,2018,Mar,145.0
Bach Long Vi,2018,Apr,142.0
Bach Long Vi,2018,May,148.0
Bach Long Vi,2018,Jun,148.0
Bach Long Vi,2018,Jul,154.0
Bach Long Vi,2018,Aug,154.0
Bach Long Vi,2018,Sep,156.0
Bach Long Vi,2018,Oct,168.0
Bach Long Vi,2018,Nov,164.0
Bach Long Vi,2018,Dec,155.0
Sam Son,2018,Jan,190.0
Sam Son,2018,Feb,189.0
Sam Son,2018,Mar,188.0
Sam Son,2018,Apr,190.0
Sam Son,2018,May,189.0
Sam Son,2018,Jun,187.0
Sam Son,2018,Jul,192.0
Sam Son,2018,Aug,198.0
Sam Son,2018,Sep,206.0
Sam Son,2018,Oct,209.0
Sam Son,2018,Nov,210.0
Sam Son,2018,Dec,202.0
Hon Ngu,2018,Jan,163.0
Hon Ngu,2018,Feb,145.0
Hon Ngu,2018,Mar,143.0
Hon Ngu,2018,Apr,150.0
Hon Ngu,2018,May,153.0
Hon Ngu,2018,Jun,152.0
Hon Ngu,2018,Jul,170.0
Hon Ngu,2018,Aug,170.0
Hon Ngu,2018,Sep,182.0
Hon Ngu,2018,Oct,191.0
Hon Ngu,2018,Nov,182.0
Hon Ngu,2018,Dec,178.0
Con Co,2018,Jan,90.0
Con Co,2018,Feb,79.0
Con Co,2018,Mar,72.0
Con Co,2018,Apr,68.0
Con Co,2018,May,61.0
Con Co,2018,Jun,65.0
Con Co,2018,Jul,69.0
Con Co,2018,Aug,69.0
Con Co,2018,Sep,79.0
Con Co,2018,Oct,94.0
Con Co,2018,Nov,96.0
Con Co,2018,Dec,97.0
Son Tra,2018,Jan,108.0
Son Tra,2018,Feb,99.0
Son Tra,2018,Mar,90.0
Son Tra,2018,Apr,89.0
Son Tra,2018,May,85.0
Son Tra,2018,Jun,88.0
Son Tra,2018,Jul,97.0
Son Tra,2018,Aug,95.0
Son Tra,2018,Sep,103.0
Son Tra,2018,Oct,115.0
Son Tra,2018,Nov,114.0
Son Tra,2018,Dec,123.0
Quy Nhon,2018,Jan,164.0
Quy Nhon,2018,Feb,157.0
Quy Nhon,2018,Mar,151.0
Quy Nhon,2018,Apr,151.0
Quy Nhon,2018,May,145.0
Quy Nhon,2018,Jun,148.0
Quy Nhon,2018,Jul,151.0
Quy Nhon,2018,Aug,150.0
Quy Nhon,2018,Sep,158.0
Quy Nhon,2018,Oct,169.0
Quy Nhon,2018,Nov,171.0
Quy Nhon,2018,Dec,175.0
Phu Quy,2018,Jan,223.0
Phu Quy,2018,Feb,222.0
Phu Quy,2018,Mar,217.0
Phu Quy,2018,Apr,218.0
Phu Quy,2018,May,213.0
Phu Quy,2018,Jun,215.0
Phu Quy,2018,Jul,222.0
Phu Quy,2018,Aug,223.0
Phu Quy,2018,Sep,226.0
Phu Quy,2018,Oct,226.0
Phu Quy,2018,Nov,230.0
Phu Quy,2018,Dec,230.0
Truong Sa,2018,Jan,244.0
Truong Sa,2018,Feb,242.0
Truong Sa,2018,Mar,241.0
Truong Sa,2018,Apr,240.0
Truong Sa,2018,May,240.0
Truong Sa,2018,Jun,243.0
Truong Sa,2018,Jul,243.0
Truong Sa,2018,Aug,242.0
Truong Sa,2018,Sep,242.0
Truong Sa,2018,Oct,242.0
Truong Sa,2018,Nov,241.0
Truong Sa,2018,Dec,240.0
Vung Tau,2018,Jan,285.0
Vung Tau,2018,Feb,288.0
Vung Tau,2018,Mar,274.0
Vung Tau,2018,Apr,271.0
Vung Tau,2018,May,262.0
Vung Tau,2018,Jun,248.0
Vung Tau,2018,Jul,245.0
Vung Tau,2018,Aug,247.0
Vung Tau,2018,Sep,260.0
Vung Tau,2018,Oct,286.0
Vung Tau,2018,Nov,289.0
Vung Tau,2018,Dec,291.0
Con Dao,2018,Jan,267.0
Con Dao,2018,Feb,264.0
Con Dao,2018,Mar,256.0
Con Dao,2018,Apr,253.0
Con Dao,2018,May,267.0
Con Dao,2018,Jun,232.0
Con Dao,2018,Jul,232.0
Con Dao,2018,Aug,236.0
Con Dao,2018,Sep,247.0
Con Dao,2018,Oct,268.0
Con Dao,2018,Nov,271.0
Con Dao,2018,Dec,271.0
Tho Chu,2018,Jan,95.0
Tho Chu,2018,Feb,99.0
Tho Chu,2018,Mar,88.0
Tho Chu,2018,Apr,83.0
Tho Chu,2018,May,71.0
Tho Chu,2018,Jun,63.0
Tho Chu,2018,Jul,67.0
Tho Chu,2018,Aug,68.0
Tho Chu,2018,Sep,74.0
Tho Chu,2018,Oct,93.0
Tho Chu,2018,Nov,103.0
Tho Chu,2018,Dec,104.0
Phu Quoc,2018,Jan,109.0
Phu Quoc,2018,Feb,111.0
Phu Quoc,2018,Mar,102.0
Phu Quoc,2018,Apr,97.0
Phu Quoc,2018,May,87.0
Phu Quoc,2018,Jun,78.0
Phu Quoc,2018,Jul,83.0
Phu Quoc,2018,Aug,83.0
Phu Quoc,2018,Sep,85.0
Phu Quoc,2018,Oct,107.0
Phu Quoc,2018,Nov,110.0
Phu Quoc,2018,Dec,112.0
Co To,2019,Jan,209.0
Co To,2019,Feb,206.0
Co To,2019,Mar,209.0
Co To,2019,Apr,210.0
Co To,2019,May,216.0
Co To,2019,Jun,210.0
Co To,2019,Jul,211.0
Co To,2019,Aug,208.0
Co To,2019,Sep,215.0
Co To,2019,Oct,226.0
Co To,2019,Nov,223.0
Co To,2019,Dec,211.0
Cua Ong,2019,Jan,253.0
Cua Ong,2019,Feb,250.0
Cua Ong,2019,Mar,250.0
Cua Ong,2019,Apr,253.0
Cua Ong,2019,May,261.0
Cua Ong,2019,Jun,253.0
Cua Ong,2019,Jul,251.0
Cua Ong,2019,Aug,251.0
Cua Ong,2019,Sep,259.0
Cua Ong,2019,Oct,262.0
Cua Ong,2019,Nov,266.0
Cua Ong,2019,Dec,252.0
Bai Chay,2019,Jan,214.0
Bai Chay,2019,Feb,211.0
Bai Chay,2019,Mar,210.0
Bai Chay,2019,Apr,213.0
Bai Chay,2019,May,219.0
Bai Chay,2019,Jun,216.0
Bai Chay,2019,Jul,211.0
Bai Chay,2019,Aug,213.0
Bai Chay,2019,Sep,221.0
Bai Chay,2019,Oct,227.0
Bai Chay,2019,Nov,228.0
Bai Chay,2019,Dec,215.0
Hon Dau,2019,Jan,204.0
Hon Dau,2019,Feb,200.0
Hon Dau,2019,Mar,199.0
Hon Dau,2019,Apr,203.0
Hon Dau,2019,May,208.0
Hon Dau,2019,Jun,203.0
Hon Dau,2019,Jul,200.0
Hon Dau,2019,Aug,197.0
Hon Dau,2019,Sep,208.0
Hon Dau,2019,Oct,214.0
Hon Dau,2019,Nov,215.0
Hon Dau,2019,Dec,201.0
Bach Long Vi,2019,Jan,148.0
Bach Long Vi,2019,Feb,145.0
Bach Long Vi,2019,Mar,147.0
Bach Long Vi,2019,Apr,153.0
Bach Long Vi,2019,May,152.0
Bach Long Vi,2019,Jun,151.0
Bach Long Vi,2019,Jul,148.0
Bach Long Vi,2019,Aug,154.0
Bach Long Vi,2019,Sep,158.0
Bach Long Vi,2019,Oct,158.0
Bach Long Vi,2019,Nov,167.0
Bach Long Vi,2019,Dec,158.0
Sam Son,2019,Jan,193.0
Sam Son,2019,Feb,190.0
Sam Son,2019,Mar,190.0
Sam Son,2019,Apr,190.0
Sam Son,2019,May,188.0
Sam Son,2019,Jun,189.0
Sam Son,2019,Jul,190.0
Sam Son,2019,Aug,198.0
Sam Son,2019,Sep,205.0
Sam Son,2019,Oct,211.0
Sam Son,2019,Nov,208.0
Sam Son,2019,Dec,201.0
Hon Ngu,2019,Jan,159.0
Hon Ngu,2019,Feb,149.0
Hon Ngu,2019,Mar,148.0
Hon Ngu,2019,Apr,148.0
Hon Ngu,2019,May,167.0
Hon Ngu,2019,Jun,154.0
Hon Ngu,2019,Jul,147.0
Hon Ngu,2019,Aug,170.0
Hon Ngu,2019,Sep,195.0
Hon Ngu,2019,Oct,182.0
Hon Ngu,2019,Nov,176.0
Hon Ngu,2019,Dec,154.0
Con Co,2019,Jan,89.0
Con Co,2019,Feb,76.0
Con Co,2019,Mar,79.0
Con Co,2019,Apr,77.0
Con Co,2019,May,72.0
Con Co,2019,Jun,66.0
Con Co,2019,Jul,66.0
Con Co,2019,Aug,70.0
Con Co,2019,Sep,82.0
Con Co,2019,Oct,94.0
Con Co,2019,Nov,106.0
Con Co,2019,Dec,92.0
Son Tra,2019,Jan,113.0
Son Tra,2019,Feb,93.0
Son Tra,2019,Mar,97.0
Son Tra,2019,Apr,92.0
Son Tra,2019,May,97.0
Son Tra,2019,Jun,87.0
Son Tra,2019,Jul,87.0
Son Tra,2019,Aug,91.0
Son Tra,2019,Sep,108.0
Son Tra,2019,Oct,114.0
Son Tra,2019,Nov,126.0
Son Tra,2019,Dec,110.0
Quy Nhon,2019,Jan,172.0
Quy Nhon,2019,Feb,153.0
Quy Nhon,2019,Mar,153.0
Quy Nhon,2019,Apr,150.0
Quy Nhon,2019,May,153.0
Quy Nhon,2019,Jun,144.0
Quy Nhon,2019,Jul,144.0
Quy Nhon,2019,Aug,147.0
Quy Nhon,2019,Sep,162.0
Quy Nhon,2019,Oct,167.0
Quy Nhon,2019,Nov,179.0
Quy Nhon,2019,Dec,166.0
Phu Quy,2019,Jan,229.0
Phu Quy,2019,Feb,221.0
Phu Quy,2019,Mar,222.0
Phu Quy,2019,Apr,220.0
Phu Quy,2019,May,222.0
Phu Quy,2019,Jun,221.0
Phu Quy,2019,Jul,221.0
Phu Quy,2019,Aug,223.0
Phu Quy,2019,Sep,227.0
Phu Quy,2019,Oct,224.0
Phu Quy,2019,Nov,230.0
Phu Quy,2019,Dec,223.0
Truong Sa,2019,Jan,241.0
Truong Sa,2019,Feb,241.0
Truong Sa,2019,Mar,241.0
Truong Sa,2019,Apr,241.0
Truong Sa,2019,May,242.0
Truong Sa,2019,Jun,243.0
Truong Sa,2019,Jul,242.0
Truong Sa,2019,Aug,242.0
Truong Sa,2019,Sep,236.0
Truong Sa,2019,Oct,243.0
Truong Sa,2019,Nov,242.0
Truong Sa,2019,Dec,243.0
Vung Tau,2019,Jan,293.0
Vung Tau,2019,Feb,275.0
Vung Tau,2019,Mar,79.0
Vung Tau,2019,Apr,269.0
Vung Tau,2019,May,265.0
Vung Tau,2019,Jun,254.0
Vung Tau,2019,Jul,249.0
Vung Tau,2019,Aug,246.0
Vung Tau,2019,Sep,265.0
Vung Tau,2019,Oct,282.0
Vung Tau,2019,Nov,289.0
Vung Tau,2019,Dec,286.0
Con Dao,2019,Jan,275.0
Con Dao,2019,Feb,258.0
Con Dao,2019,Mar,255.0
Con Dao,2019,Apr,254.0
Con Dao,2019,May,247.0
Con Dao,2019,Jun,239.0
Con Dao,2019,Jul,235.0
Con Dao,2019,Aug,233.0
Con Dao,2019,Sep,249.0
Con Dao,2019,Oct,263.0
Con Dao,2019,Nov,272.0
Con Dao,2019,Dec,268.0
Tho Chu,2019,Jan,102.0
Tho Chu,2019,Feb,87.0
Tho Chu,2019,Mar,83.0
Tho Chu,2019,Apr,80.0
Tho Chu,2019,May,74.0
Tho Chu,2019,Jun,68.0
Tho Chu,2019,Jul,66.0
Tho Chu,2019,Aug,66.0
Tho Chu,2019,Sep,78.0
Tho Chu,2019,Oct,91.0
Tho Chu,2019,Nov,103.0
Tho Chu,2019,Dec,103.0
Phu Quoc,2019,Jan,115.0
Phu Quoc,2019,Feb,102.0
Phu Quoc,2019,Mar,98.0
Phu Quoc,2019,Apr,96.0
Phu Quoc,2019,May,89.0
Phu Quoc,2019,Jun,83.0
Phu Quoc,2019,Jul,81.0
Phu Quoc,2019,Aug,87.0
Phu Quoc,2019,Sep,95.0
Phu Quoc,2019,Oct,106.0
Phu Quoc,2019,Nov,114.0
Phu Quoc,2019,Dec,113.0
Co To,2020,Jan,205.0
Co To,2020,Feb,207.0
Co To,2020,Mar,205.0
Co To,2020,Apr,205.0
Co To,2020,May,204.0
Co To,2020,Jun,209.0
Co To,2020,Jul,211.0
Co To,2020,Aug,215.0
Co To,2020,Sep,222.0
Co To,2020,Oct,235.0
Co To,2020,Nov,224.0
Co To,2020,Dec,214.0
Cua Ong,2020,Jan,247.0
Cua Ong,2020,Feb,247.0
Cua Ong,2020,Mar,242.0
Cua Ong,2020,Apr,241.0
Cua Ong,2020,May,243.0
Cua Ong,2020,Jun,251.0
Cua Ong,2020,Jul,253.0
Cua Ong,2020,Aug,256.0
Cua Ong,2020,Sep,261.0
Cua Ong,2020,Oct,283.0
Cua Ong,2020,Nov,265.0
Cua Ong,2020,Dec,256.0
Bai Chay,2020,Jan,211.0
Bai Chay,2020,Feb,208.0
Bai Chay,2020,Mar,206.0
Bai Chay,2020,Apr,208.0
Bai Chay,2020,May,206.0
Bai Chay,2020,Jun,214.0
Bai Chay,2020,Jul,213.0
Bai Chay,2020,Aug,220.0
Bai Chay,2020,Sep,225.0
Bai Chay,2020,Oct,245.0
Bai Chay,2020,Nov,227.0
Bai Chay,2020,Dec,218.0
Hon Dau,2020,Jan,198.0
Hon Dau,2020,Feb,197.0
Hon Dau,2020,Mar,192.0
Hon Dau,2020,Apr,192.0
Hon Dau,2020,May,192.0
Hon Dau,2020,Jun,198.0
Hon Dau,2020,Jul,199.0
Hon Dau,2020,Aug,205.0
Hon Dau,2020,Sep,211.0
Hon Dau,2020,Oct,236.0
Hon Dau,2020,Nov,217.0
Hon Dau,2020,Dec,206.0
Bach Long Vi,2020,Jan,147.0
Bach Long Vi,2020,Feb,149.0
Bach Long Vi,2020,Mar,144.0
Bach Long Vi,2020,Apr,139.0
Bach Long Vi,2020,May,148.0
Bach Long Vi,2020,Jun,146.0
Bach Long Vi,2020,Jul,149.0
Bach Long Vi,2020,Aug,154.0
Bach Long Vi,2020,Sep,161.0
Bach Long Vi,2020,Oct,165.0
Bach Long Vi,2020,Nov,167.0
Bach Long Vi,2020,Dec,158.0
Sam Son N,2020,Jan,193.0
Sam Son N,2020,Feb,188.0
Sam Son N,2020,Mar,190.0
Sam Son N,2020,Apr,190.0
Sam Son N,2020,May,191.0
Sam Son N,2020,Jun,188.0
Sam Son N,2020,Jul,190.0
Sam Son N,2020,Aug,198.0
Sam Son N,2020,Sep,205.0
Sam Son N,2020,Oct,212.0
Sam Son N,2020,Nov,209.0
Sam Son N,2020,Dec,200.0
Hon Ngu,2020,Jan,148.0
Hon Ngu,2020,Feb,143.0
Hon Ngu,2020,Mar,134.0
Hon Ngu,2020,Apr,131.0
Hon Ngu,2020,May,117.0
Hon Ngu,2020,Jun,130.0
Hon Ngu,2020,Jul,163.0
Hon Ngu,2020,Aug,173.0
Hon Ngu,2020,Sep,182.0
Hon Ngu,2020,Oct,215.0
Hon Ngu,2020,Nov,188.0
Hon Ngu,2020,Dec,178.0
Con Co T,2020,Jan,86.0
Con Co T,2020,Feb,84.0
Con Co T,2020,Mar,73.0
Con Co T,2020,Apr,75.0
Con Co T,2020,May,68.0
Con Co T,2020,Jun,67.0
Con Co T,2020,Jul,66.0
Con Co T,2020,Aug,73.0
Con Co T,2020,Sep,83.0
Con Co T,2020,Oct,142.0
Con Co T,2020,Nov,118.0
Con Co T,2020,Dec,105.0
Son Tra,2020,Jan,98.0
Son Tra,2020,Feb,99.0
Son Tra,2020,Mar,90.0
Son Tra,2020,Apr,94.0
Son Tra,2020,May,84.0
Son Tra,2020,Jun,83.0
Son Tra,2020,Jul,86.0
Son Tra,2020,Aug,95.0
Son Tra,2020,Sep,103.0
Son Tra,2020,Oct,153.0
Son Tra,2020,Nov,133.0
Son Tra,2020,Dec,125.0
Quy Nhon C,2020,Jan,157.0
Quy Nhon C,2020,Feb,157.0
Quy Nhon C,2020,Mar,148.0
Quy Nhon C,2020,Apr,152.0
Quy Nhon C,2020,May,144.0
Quy Nhon C,2020,Jun,143.0
Quy Nhon C,2020,Jul,144.0
Quy Nhon C,2020,Aug,153.0
Quy Nhon C,2020,Sep,163.0
Quy Nhon C,2020,Oct,194.0
Quy Nhon C,2020,Nov,184.0
Quy Nhon C,2020,Dec,179.0
Phu Quy G,2020,Jan,218.0
Phu Quy G,2020,Feb,221.0
Phu Quy G,2020,Mar,216.0
Phu Quy G,2020,Apr,221.0
Phu Quy G,2020,May,220.0
Phu Quy G,2020,Jun,216.0
Phu Quy G,2020,Jul,218.0
Phu Quy G,2020,Aug,220.0
Phu Quy G,2020,Sep,227.0
Phu Quy G,2020,Oct,241.0
Phu Quy G,2020,Nov,237.0
Phu Quy G,2020,Dec,230.0
Truong Sa,2020,Jan,243.0
Truong Sa,2020,Feb,242.0
Truong Sa,2020,Mar,243.0
Truong Sa,2020,Apr,242.0
Truong Sa,2020,May,242.0
Truong Sa,2020,Jun,242.0
Truong Sa,2020,Jul,241.0
Truong Sa,2020,Aug,243.0
Truong Sa,2020,Sep,243.0
Truong Sa,2020,Oct,243.0
Truong Sa,2020,Nov,243.0
Truong Sa,2020,Dec,243.0
Vung Tau T,2020,Jan,27.0
Vung Tau T,2020,Feb,8.0
Vung Tau T,2020,Mar,281.0
Vung Tau T,2020,Apr,264.0
Vung Tau T,2020,May,273.0
Vung Tau T,2020,Jun,260.0
Vung Tau T,2020,Jul,256.0
Vung Tau T,2020,Aug,249.0
Vung Tau T,2020,Sep,255.0
Vung Tau T,2020,Oct,264.0
Vung Tau T,2020,Nov,291.0
Vung Tau T,2020,Dec,298.0
Con Dao,2020,Jan,269.0
Con Dao,2020,Feb,266.0
Con Dao,2020,Mar,287.0
Con Dao,2020,Apr,296.0
Con Dao,2020,May,312.0
Con Dao,2020,Jun,301.0
Con Dao,2020,Jul,299.0
Con Dao,2020,Aug,294.0
Con Dao,2020,Sep,296.0
Con Dao,2020,Oct,283.0
Con Dao,2020,Nov,286.0
Con Dao,2020,Dec,270.0
Tho Chu,2020,Jan,93.0
Tho Chu,2020,Feb,100.0
Tho Chu,2020,Mar,80.0
Tho Chu,2020,Apr,84.0
Tho Chu,2020,May,72.0
Tho Chu,2020,Jun,68.0
Tho Chu,2020,Jul,70.0
Tho Chu,2020,Aug,71.0
Tho Chu,2020,Sep,77.0
Tho Chu,2020,Oct,94.0
Tho Chu,2020,Nov,108.0
Tho Chu,2020,Dec,109.0
Phu Quoc,2020,Jan,106.0
Phu Quoc,2020,Feb,111.0
Phu Quoc,2020,Mar,92.0
Phu Quoc,2020,Apr,99.0
Phu Quoc,2020,May,85.0
Phu Quoc,2020,Jun,80.0
Phu Quoc,2020,Jul,82.0
Phu Quoc,2020,Aug,85.0
Phu Quoc,2020,Sep,91.0
Phu Quoc,2020,Oct,107.0
Phu Quoc,2020,Nov,120.0
Phu Quoc,2020,Dec,115.0
Co To,2021,Jan,205.0
Co To,2021,Feb,202.0
Co To,2021,Mar,208.0
Co To,2021,Apr,217.0
Co To,2021,May,208.0
Co To,2021,Jun,210.0
Co To,2021,Jul,210.0
Co To,2021,Aug,211.0
Co To,2021,Sep,218.0
Co To,2021,Oct,224.0
Co To,2021,Nov,218.0
Co To,2021,Dec,214.0
Cua Ong,2021,Jan,243.0
Cua Ong,2021,Feb,240.0
Cua Ong,2021,Mar,247.0
Cua Ong,2021,Apr,255.0
Cua Ong,2021,May,249.0
Cua Ong,2021,Jun,250.0
Cua Ong,2021,Jul,253.0
Cua Ong,2021,Aug,249.0
Cua Ong,2021,Sep,254.0
Cua Ong,2021,Oct,263.0
Cua Ong,2021,Nov,260.0
Cua Ong,2021,Dec,257.0
Bai Chay,2021,Jan,205.0
Bai Chay,2021,Feb,204.0
Bai Chay,2021,Mar,210.0
Bai Chay,2021,Apr,217.0
Bai Chay,2021,May,215.0
Bai Chay,2021,Jun,210.0
Bai Chay,2021,Jul,213.0
Bai Chay,2021,Aug,210.0
Bai Chay,2021,Sep,216.0
Bai Chay,2021,Oct,227.0
Bai Chay,2021,Nov,220.0
Bai Chay,2021,Dec,219.0
Hon Dau,2021,Jan,194.0
Hon Dau,2021,Feb,192.0
Hon Dau,2021,Mar,196.0
Hon Dau,2021,Apr,204.0
Hon Dau,2021,May,199.0
Hon Dau,2021,Jun,197.0
Hon Dau,2021,Jul,201.0
Hon Dau,2021,Aug,197.0
Hon Dau,2021,Sep,204.0
Hon Dau,2021,Oct,214.0
Hon Dau,2021,Nov,209.0
Hon Dau,2021,Dec,208.0
Bach Long Vi,2021,Jan,148.0
Bach Long Vi,2021,Feb,151.0
Bach Long Vi,2021,Mar,148.0
Bach Long Vi,2021,Apr,156.0
Bach Long Vi,2021,May,159.0
Bach Long Vi,2021,Jun,149.0
Bach Long Vi,2021,Jul,153.0
Bach Long Vi,2021,Aug,158.0
Bach Long Vi,2021,Sep,161.0
Bach Long Vi,2021,Oct,163.0
Bach Long Vi,2021,Nov,165.0
Bach Long Vi,2021,Dec,157.0
Sam Son,2021,Jan,195.0
Sam Son,2021,Feb,189.0
Sam Son,2021,Mar,192.0
Sam Son,2021,Apr,192.0
Sam Son,2021,May,191.0
Sam Son,2021,Jun,193.0
Sam Son,2021,Jul,194.0
Sam Son,2021,Aug,198.0
Sam Son,2021,Sep,205.0
Sam Son,2021,Oct,214.0
Sam Son,2021,Nov,208.0
Sam Son,2021,Dec,202.0
Hon Ngu H,2021,Jan,161.0
Hon Ngu H,2021,Feb,154.0
Hon Ngu H,2021,Mar,153.0
Hon Ngu H,2021,Apr,167.0
Hon Ngu H,2021,May,152.0
Hon Ngu H,2021,Jun,148.0
Hon Ngu H,2021,Jul,158.0
Hon Ngu H,2021,Aug,160.0
Hon Ngu H,2021,Sep,177.0
Hon Ngu H,2021,Oct,194.0
Hon Ngu H,2021,Nov,180.0
Hon Ngu H,2021,Dec,167.0
Con Co,2021,Jan,86.0
Con Co,2021,Feb,80.0
Con Co,2021,Mar,78.0
Con Co,2021,Apr,82.0
Con Co,2021,May,70.0
Con Co,2021,Jun,67.0
Con Co,2021,Jul,73.0
Con Co,2021,Aug,69.0
Con Co,2021,Sep,80.0
Con Co,2021,Oct,104.0
Con Co,2021,Nov,99.0
Con Co,2021,Dec,104.0
Son Tra,2021,Jan,108.0
Son Tra,2021,Feb,94.0
Son Tra,2021,Mar,93.0
Son Tra,2021,Apr,95.0
Son Tra,2021,May,86.0
Son Tra,2021,Jun,87.0
Son Tra,2021,Jul,92.0
Son Tra,2021,Aug,87.0
Son Tra,2021,Sep,100.0
Son Tra,2021,Oct,127.0
Son Tra,2021,Nov,121.0
Son Tra,2021,Dec,124.0
Quy Nhon,2021,Jan,163.0
Quy Nhon,2021,Feb,155.0
Quy Nhon,2021,Mar,156.0
Quy Nhon,2021,Apr,156.0
Quy Nhon,2021,May,149.0
Quy Nhon,2021,Jun,145.0
Quy Nhon,2021,Jul,148.0
Quy Nhon,2021,Aug,143.0
Quy Nhon,2021,Sep,156.0
Quy Nhon,2021,Oct,179.0
Quy Nhon,2021,Nov,184.0
Quy Nhon,2021,Dec,182.0
Phu Quy,2021,Jan,225.0
Phu Quy,2021,Feb,221.0
Phu Quy,2021,Mar,225.0
Phu Quy,2021,Apr,225.0
Phu Quy,2021,May,222.0
Phu Quy,2021,Jun,214.0
Phu Quy,2021,Jul,223.0
Phu Quy,2021,Aug,222.0
Phu Quy,2021,Sep,227.0
Phu Quy,2021,Oct,236.0
Phu Quy,2021,Nov,231.0
Phu Quy,2021,Dec,235.0
Truong Sa N,2021,Jan,116.0
Truong Sa N,2021,Feb,113.0
Truong Sa N,2021,Mar,116.0
Truong Sa N,2021,Apr,124.0
Truong Sa N,2021,May,124.0
Truong Sa N,2021,Jun,123.0
Truong Sa N,2021,Jul,129.0
Truong Sa N,2021,Aug,134.0
Truong Sa N,2021,Sep,137.0
Truong Sa N,2021,Oct,127.0
Truong Sa N,2021,Nov,126.0
Truong Sa N,2021,Dec,125.0
Vung Tau O,2021,Jan,292.0
Vung Tau O,2021,Feb,279.0
Vung Tau O,2021,Mar,277.0
Vung Tau O,2021,Apr,271.0
Vung Tau O,2021,May,262.0
Vung Tau O,2021,Jun,247.0
Vung Tau O,2021,Jul,251.0
Vung Tau O,2021,Aug,251.0
Vung Tau O,2021,Sep,261.0
Vung Tau O,2021,Oct,279.0
Vung Tau O,2021,Nov,291.0
Vung Tau O,2021,Dec,300.0
Phu Quoc,2021,Jan,115.0
Phu Quoc,2021,Feb,103.0
Phu Quoc,2021,Mar,99.0
Phu Quoc,2021,Apr,93.0
Phu Quoc,2021,May,86.0
Phu Quoc,2021,Jun,76.0
Phu Quoc,2021,Jul,79.0
Phu Quoc,2021,Aug,81.0
Phu Quoc,2021,Sep,87.0
Phu Quoc,2021,Oct,99.0
Phu Quoc,2021,Nov,111.0
Phu Quoc,2021,Dec,120.0
Co To,2022,Jan,208.0
Co To,2022,Feb,206.0
Co To,2022,Mar,207.0
Co To,2022,Apr,211.0
Co To,2022,May,213.0
Co To,2022,Jun,210.0
Co To,2022,Jul,213.0
Co To,2022,Aug,216.0
Co To,2022,Sep,228.0
Co To,2022,Oct,234.0
Co To,2022,Nov,225.0
Co To,2022,Dec,212.0
Cua Ong E,2022,Jan,249.0
Cua Ong E,2022,Feb,247.0
Cua Ong E,2022,Mar,244.0
Cua Ong E,2022,Apr,246.0
Cua Ong E,2022,May,251.0
Cua Ong E,2022,Jun,247.0
Cua Ong E,2022,Jul,250.0
Cua Ong E,2022,Aug,253.0
Cua Ong E,2022,Sep,266.0
Cua Ong E,2022,Oct,272.0
Cua Ong E,2022,Nov,263.0
Cua Ong E,2022,Dec,258.0
Bai Chay,2022,Jan,214.0
Bai Chay,2022,Feb,214.0
Bai Chay,2022,Mar,208.0
Bai Chay,2022,Apr,210.0
Bai Chay,2022,May,214.0
Bai Chay,2022,Jun,211.0
Bai Chay,2022,Jul,215.0
Bai Chay,2022,Aug,219.0
Bai Chay,2022,Sep,230.0
Bai Chay,2022,Oct,236.0
Bai Chay,2022,Nov,227.0
Bai Chay,2022,Dec,220.0
Hon Dau,2022,Jan,201.0
Hon Dau,2022,Feb,201.0
Hon Dau,2022,Mar,195.0
Hon Dau,2022,Apr,199.0
Hon Dau,2022,May,203.0
Hon Dau,2022,Jun,200.0
Hon Dau,2022,Jul,204.0
Hon Dau,2022,Aug,206.0
Hon Dau,2022,Sep,218.0
Hon Dau,2022,Oct,226.0
Hon Dau,2022,Nov,214.0
Hon Dau,2022,Dec,210.0
Bach Long Vi,2022,Jan,150.0
Bach Long Vi,2022,Feb,148.0
Bach Long Vi,2022,Mar,148.0
Bach Long Vi,2022,Apr,147.0
Bach Long Vi,2022,May,149.0
Bach Long Vi,2022,Jun,150.0
Bach Long Vi,2022,Jul,148.0
Bach Long Vi,2022,Aug,155.0
Bach Long Vi,2022,Sep,162.0
Bach Long Vi,2022,Oct,168.0
Bach Long Vi,2022,Nov,161.0
Bach Long Vi,2022,Dec,150.0
Sam Son,2022,Jan,193.0
Sam Son,2022,Feb,191.0
Sam Son,2022,Mar,190.0
Sam Son,2022,Apr,192.0
Sam Son,2022,May,190.0
Sam Son,2022,Jun,190.0
Sam Son,2022,Jul,192.0
Sam Son,2022,Aug,197.0
Sam Son,2022,Sep,209.0
Sam Son,2022,Oct,212.0
Sam Son,2022,Nov,210.0
Sam Son,2022,Dec,202.0
Hon Ngu,2022,Jan,169.0
Hon Ngu,2022,Feb,163.0
Hon Ngu,2022,Mar,147.0
Hon Ngu,2022,Apr,159.0
Hon Ngu,2022,May,164.0
Hon Ngu,2022,Jun,152.0
Hon Ngu,2022,Jul,160.0
Hon Ngu,2022,Aug,166.0
Hon Ngu,2022,Sep,184.0
Hon Ngu,2022,Oct,199.0
Hon Ngu,2022,Nov,189.0
Hon Ngu,2022,Dec,191.0
Con Co,2022,Jan,88.0
Con Co,2022,Feb,91.0
Con Co,2022,Mar,77.0
Con Co,2022,Apr,82.0
Con Co,2022,May,79.0
Con Co,2022,Jun,68.0
Con Co,2022,Jul,73.0
Con Co,2022,Aug,77.0
Con Co,2022,Sep,92.0
Con Co,2022,Oct,114.0
Con Co,2022,Nov,97.0
Con Co,2022,Dec,108.0
Son Tra,2022,Jan,109.0
Son Tra,2022,Feb,111.0
Son Tra,2022,Mar,90.0
Son Tra,2022,Apr,100.0
Son Tra,2022,May,98.0
Son Tra,2022,Jun,87.0
Son Tra,2022,Jul,93.0
Son Tra,2022,Aug,98.0
Son Tra,2022,Sep,113.0
Son Tra,2022,Oct,137.0
Son Tra,2022,Nov,117.0
Son Tra,2022,Dec,126.0
Quy Nhon,2022,Jan,168.0
Quy Nhon,2022,Feb,170.0
Quy Nhon,2022,Mar,156.0
Quy Nhon,2022,Apr,159.0
Quy Nhon,2022,May,156.0
Quy Nhon,2022,Jun,145.0
Quy Nhon,2022,Jul,152.0
Quy Nhon,2022,Aug,155.0
Quy Nhon,2022,Sep,170.0
Quy Nhon,2022,Oct,184.0
Quy Nhon,2022,Nov,173.0
Quy Nhon,2022,Dec,182.0
Phu Quy,2022,Jan,228.0
Phu Quy,2022,Feb,235.0
Phu Quy,2022,Mar,225.0
Phu Quy,2022,Apr,228.0
Phu Quy,2022,May,225.0
Phu Quy,2022,Jun,218.0
Phu Quy,2022,Jul,220.0
Phu Quy,2022,Aug,221.0
Phu Quy,2022,Sep,235.0
Phu Quy,2022,Oct,240.0
Phu Quy,2022,Nov,232.0
Phu Quy,2022,Dec,238.0
Truong Sa,2022,Jan,241.0
Truong Sa,2022,Feb,243.0
Truong Sa,2022,Mar,243.0
Truong Sa,2022,Apr,243.0
Truong Sa,2022,May,243.0
Truong Sa,2022,Jun,243.0
Truong Sa,2022,Jul,243.0
Truong Sa,2022,Aug,243.0
Truong Sa,2022,Sep,243.0
Truong Sa,2022,Oct,243.0
Truong Sa,2022,Nov,243.0
Truong Sa,2022,Dec,243.0
Vung Tau,2022,Jan,283.0
Vung Tau,2022,Feb,296.0
Vung Tau,2022,Mar,275.0
Vung Tau,2022,Apr,280.0
Vung Tau,2022,May,269.0
Vung Tau,2022,Jun,256.0
Vung Tau,2022,Jul,257.0
Vung Tau,2022,Aug,235.0
Vung Tau,2022,Sep,245.0
Vung Tau,2022,Oct,283.0
Vung Tau,2022,Nov,304.0
Vung Tau,2022,Dec,313.0
Con Dao,2022,Jan,267.0
Con Dao,2022,Feb,276.0
Con Dao,2022,Mar,256.0
Con Dao,2022,Apr,260.0
Con Dao,2022,May,252.0
Con Dao,2022,Jun,242.0
Con Dao,2022,Jul,243.0
Con Dao,2022,Aug,246.0
Con Dao,2022,Sep,252.0
Con Dao,2022,Oct,275.0
Con Dao,2022,Nov,274.0
Con Dao,2022,Dec,282.0
Phu Quoc,2022,Jan,110.0
Phu Quoc,2022,Feb,123.0
Phu Quoc,2022,Mar,100.0
Phu Quoc,2022,Apr,100.0
Phu Quoc,2022,May,89.0
Phu Quoc,2022,Jun,81.0
Phu Quoc,2022,Jul,86.0
Phu Quoc,2022,Aug,88.0
Phu Quoc,2022,Sep,93.0
Phu Quoc,2022,Oct,110.0
Phu Quoc,2022,Nov,112.0
Phu Quoc,2022,Dec,123.0
Co To,2023,Jan,204.0
Co To,2023,Feb,212.0
Co To,2023,Mar,205.0
Co To,2023,Apr,210.0
Co To,2023,May,212.0
Co To,2023,Jun,213.0
Co To,2023,Jul,212.0
Co To,2023,Aug,217.0
Co To,2023,Sep,226.0
Co To,2023,Oct,228.0
Co To,2023,Nov,222.0
Co To,2023,Dec,213.0
Cua Ong,2023,Jan,245.0
Cua Ong,2023,Feb,252.0
Cua Ong,2023,Mar,243.0
Cua Ong,2023,Apr,247.0
Cua Ong,2023,May,252.0
Cua Ong,2023,Jun,251.0
Cua Ong,2023,Jul,252.0
Cua Ong,2023,Aug,252.0
Cua Ong,2023,Sep,263.0
Cua Ong,2023,Oct,266.0
Cua Ong,2023,Nov,261.0
Cua Ong,2023,Dec,253.0
Bai Chay,2023,Jan,208.0
Bai Chay,2023,Feb,214.0
Bai Chay,2023,Mar,205.0
Bai Chay,2023,Apr,209.0
Bai Chay,2023,May,213.0
Bai Chay,2023,Jun,209.0
Bai Chay,2023,Jul,212.0
Bai Chay,2023,Aug,214.0
Bai Chay,2023,Sep,226.0
Bai Chay,2023,Oct,228.0
Bai Chay,2023,Nov,221.0
Bai Chay,2023,Dec,213.0
Hon Dau,2023,Jan,198.0
Hon Dau,2023,Feb,203.0
Hon Dau,2023,Mar,192.0
Hon Dau,2023,Apr,197.0
Hon Dau,2023,May,203.0
Hon Dau,2023,Jun,200.0
Hon Dau,2023,Jul,199.0
Hon Dau,2023,Aug,197.0
Hon Dau,2023,Sep,209.0
Hon Dau,2023,Oct,212.0
Hon Dau,2023,Nov,209.0
Hon Dau,2023,Dec,203.0
Bach Long Vi,2023,Jan,145.0
Bach Long Vi,2023,Feb,144.0
Bach Long Vi,2023,Mar,142.0
Bach Long Vi,2023,Apr,142.0
Bach Long Vi,2023,May,145.0
Bach Long Vi,2023,Jun,141.0
Bach Long Vi,2023,Jul,146.0
Bach Long Vi,2023,Aug,152.0
Bach Long Vi,2023,Sep,158.0
Bach Long Vi,2023,Oct,161.0
Bach Long Vi,2023,Nov,160.0
Bach Long Vi,2023,Dec,157.0
Sam Son,2023,Jan,192.0
Sam Son,2023,Feb,190.0
Sam Son,2023,Mar,190.0
Sam Son,2023,Apr,191.0
Sam Son,2023,May,191.0
Sam Son,2023,Jun,190.0
Sam Son,2023,Jul,192.0
Sam Son,2023,Aug,196.0
Sam Son,2023,Sep,206.0
Sam Son,2023,Oct,210.0
Sam Son,2023,Nov,209.0
Sam Son,2023,Dec,201.0
Hon Ngu,2023,Jan,169.0
Hon Ngu,2023,Feb,163.0
Hon Ngu,2023,Mar,147.0
Hon Ngu,2023,Apr,159.0
Hon Ngu,2023,May,164.0
Hon Ngu,2023,Jun,169.0
Hon Ngu,2023,Jul,165.0
Hon Ngu,2023,Aug,165.0
Hon Ngu,2023,Sep,186.0
Hon Ngu,2023,Oct,187.0
Hon Ngu,2023,Nov,184.0
Hon Ngu,2023,Dec,173.0
Con Co,2023,Jan,93.0
Con Co,2023,Feb,90.0
Con Co,2023,Mar,76.0
Con Co,2023,Apr,77.0
Con Co,2023,May,77.0
Con Co,2023,Jun,72.0
Con Co,2023,Jul,69.0
Con Co,2023,Aug,68.0
Con Co,2023,Sep,88.0
Con Co,2023,Oct,98.0
Con Co,2023,Nov,99.0
Con Co,2023,Dec,99.0
Son Tra,2023,Jan,109.0
Son Tra,2023,Feb,106.0
Son Tra,2023,Mar,91.0
Son Tra,2023,Apr,90.0
Son Tra,2023,May,94.0
Son Tra,2023,Jun,91.0
Son Tra,2023,Jul,87.0
Son Tra,2023,Aug,90.0
Son Tra,2023,Sep,110.0
Son Tra,2023,Oct,123.0
Son Tra,2023,Nov,118.0
Son Tra,2023,Dec,112.0
Quy Nhon,2023,Jan,168.0
Quy Nhon,2023,Feb,163.0
Quy Nhon,2023,Mar,155.0
Quy Nhon,2023,Apr,153.0
Quy Nhon,2023,May,156.0
Quy Nhon,2023,Jun,150.0
Quy Nhon,2023,Jul,147.0
Quy Nhon,2023,Aug,148.0
Quy Nhon,2023,Sep,165.0
Quy Nhon,2023,Oct,171.0
Quy Nhon,2023,Nov,174.0
Quy Nhon,2023,Dec,171.0
Phu Quy,2023,Jan,231.0
Phu Quy,2023,Feb,229.0
Phu Quy,2023,Mar,225.0
Phu Quy,2023,Apr,221.0
Phu Quy,2023,May,221.0
Phu Quy,2023,Jun,215.0
Phu Quy,2023,Jul,220.0
Phu Quy,2023,Aug,224.0
Phu Quy,2023,Sep,231.0
Phu Quy,2023,Oct,229.0
Phu Quy,2023,Nov,225.0
Phu Quy,2023,Dec,232.0
Truong Sa,2023,Jan,243.0
Truong Sa,2023,Feb,243.0
Truong Sa,2023,Mar,242.0
Truong Sa,2023,Apr,243.0
Truong Sa,2023,May,242.0
Truong Sa,2023,Jun,242.0
Truong Sa,2023,Jul,242.0
Truong Sa,2023,Aug,243.0
Truong Sa,2023,Sep,243.0
Truong Sa,2023,Oct,243.0
Truong Sa,2023,Nov,242.0
Truong Sa,2023,Dec,243.0
Vung Tau,2023,Jan,304.0
Vung Tau,2023,Feb,299.0
Vung Tau,2023,Mar,289.0
Vung Tau,2023,Apr,281.0
Vung Tau,2023,May,269.0
Vung Tau,2023,Jun,250.0
Vung Tau,2023,Jul,249.0
Vung Tau,2023,Aug,248.0
Vung Tau,2023,Sep,264.0
Vung Tau,2023,Oct,281.0
Vung Tau,2023,Nov,291.0
Vung Tau,2023,Dec,293.0
Phu Quoc,2023,Jan,110.0
Phu Quoc,2023,Feb,111.0
Phu Quoc,2023,Mar,103.0
Phu Quoc,2023,Apr,91.0
Phu Quoc,2023,May,89.0
Phu Quoc,2023,Jun,79.0
Phu Quoc,2023,Jul,81.0
Phu Quoc,2023,Aug,83.0
Phu Quoc,2023,Sep,94.0
Phu Quoc,2023,Oct,97.0
Phu Quoc,2023,Nov,110.0
Phu Quoc,2023,Dec,113.0
Co To,2024,Jan,213.0
Co To,2024,Feb,203.0
Co To,2024,Mar,204.0
Co To,2024,Apr,207.0
Co To,2024,May,210.0
Co To,2024,Jun,213.0
Co To,2024,Jul,215.0
Co To,2024,Aug,218.0
Co To,2024,Sep,229.0
Co To,2024,Oct,230.0
Co To,2024,Nov,227.0
Co To,2024,Dec,214.0
Cua Ong,2024,Jan,251.0
Cua Ong,2024,Feb,243.0
Cua Ong,2024,Mar,245.0
Cua Ong,2024,Apr,248.0
Cua Ong,2024,May,251.0
Cua Ong,2024,Jun,257.0
Cua Ong,2024,Jul,262.0
Cua Ong,2024,Aug,255.0
Cua Ong,2024,Sep,265.0
Cua Ong,2024,Oct,271.0
Cua Ong,2024,Nov,273.0
Cua Ong,2024,Dec,258.0
Bai Chay,2024,Jan,211.0
Bai Chay,2024,Feb,206.0
Bai Chay,2024,Mar,208.0
Bai Chay,2024,Apr,209.0
Bai Chay,2024,May,214.0
Bai Chay,2024,Jun,213.0
Bai Chay,2024,Jul,215.0
Bai Chay,2024,Aug,216.0
Bai Chay,2024,Sep,225.0
Bai Chay,2024,Oct,229.0
Bai Chay,2024,Nov,229.0
Bai Chay,2024,Dec,219.0
Hon Dau,2024,Jan,200.0
Hon Dau,2024,Feb,193.0
Hon Dau,2024,Mar,193.0
Hon Dau,2024,Apr,194.0
Hon Dau,2024,May,200.0
Hon Dau,2024,Jun,204.0
Hon Dau,2024,Jul,206.0
Hon Dau,2024,Aug,19.0
Hon Dau,2024,Sep,212.0
Hon Dau,2024,Oct,219.0
Hon Dau,2024,Nov,220.0
Hon Dau,2024,Dec,203.0
Bach Long Vi,2024,Jan,147.0
Bach Long Vi,2024,Feb,142.0
Bach Long Vi,2024,Mar,144.0
Bach Long Vi,2024,Apr,152.0
Bach Long Vi,2024,May,149.0
Bach Long Vi,2024,Jun,151.0
Bach Long Vi,2024,Jul,149.0
Bach Long Vi,2024,Aug,154.0
Bach Long Vi,2024,Sep,159.0
Bach Long Vi,2024,Oct,167.0
Bach Long Vi,2024,Nov,166.0
Bach Long Vi,2024,Dec,158.0
Sam Son,2024,Jan,194.0
Sam Son,2024,Feb,189.0
Sam Son,2024,Mar,190.0
Sam Son,2024,Apr,191.0
Sam Son,2024,May,190.0
Sam Son,2024,Jun,190.0
Sam Son,2024,Jul,191.0
Sam Son,2024,Aug,197.0
Sam Son,2024,Sep,205.0
Sam Son,2024,Oct,211.0
Sam Son,2024,Nov,209.0
Sam Son,2024,Dec,202.0
Hon Ngu,2024,Jan,171.0
Hon Ngu,2024,Feb,161.0
Hon Ngu,2024,Mar,160.0
Hon Ngu,2024,Apr,163.0
Hon Ngu,2024,May,177.0
Hon Ngu,2024,Jun,189.0
Hon Ngu,2024,Jul,182.0
Hon Ngu,2024,Aug,165.0
Hon Ngu,2024,Sep,188.0
Hon Ngu,2024,Oct,191.0
Hon Ngu,2024,Nov,192.0
Hon Ngu,2024,Dec,176.0
Con Co,2024,Jan,91.0
Con Co,2024,Feb,80.0
Con Co,2024,Mar,81.0
Con Co,2024,Apr,72.0
Con Co,2024,May,76.0
Con Co,2024,Jun,74.0
Con Co,2024,Jul,73.0
Con Co,2024,Aug,71.0
Con Co,2024,Sep,87.0
Con Co,2024,Oct,107.0
Con Co,2024,Nov,113.0
Con Co,2024,Dec,105.0
Son Tra,2024,Jan,97.0
Son Tra,2024,Feb,86.0
Son Tra,2024,Mar,97.0
Son Tra,2024,Apr,87.0
Son Tra,2024,May,95.0
Son Tra,2024,Jun,93.0
Son Tra,2024,Jul,91.0
Son Tra,2024,Aug,90.0
Son Tra,2024,Sep,108.0
Son Tra,2024,Oct,128.0
Son Tra,2024,Nov,131.0
Son Tra,2024,Dec,122.0
Quy Nhon,2024,Jan,164.0
Quy Nhon,2024,Feb,156.0
Quy Nhon,2024,Mar,155.0
Quy Nhon,2024,Apr,142.0
Quy Nhon,2024,May,151.0
Quy Nhon,2024,Jun,148.0
Quy Nhon,2024,Jul,149.0
Quy Nhon,2024,Aug,148.0
Quy Nhon,2024,Sep,165.0
Quy Nhon,2024,Oct,179.0
Quy Nhon,2024,Nov,182.0
Quy Nhon,2024,Dec,176.0
Phu Quy,2024,Jan,230.0
Phu Quy,2024,Feb,222.0
Phu Quy,2024,Mar,223.0
Phu Quy,2024,Apr,218.0
Phu Quy,2024,May,224.0
Phu Quy,2024,Jun,220.0
Phu Quy,2024,Jul,222.0
Phu Quy,2024,Aug,226.0
Phu Quy,2024,Sep,226.0
Phu Quy,2024,Oct,231.0
Phu Quy,2024,Nov,236.0
Phu Quy,2024,Dec,235.0
Vung Tau,2024,Jan,289.0
Vung Tau,2024,Feb,278.0
Vung Tau,2024,Mar,275.0
Vung Tau,2024,Apr,264.0
Vung Tau,2024,May,271.0
Vung Tau,2024,Jun,256.0
Vung Tau,2024,Jul,252.0
Vung Tau,2024,Aug,256.0
Vung Tau,2024,Sep,260.0
Vung Tau,2024,Oct,285.0
Vung Tau,2024,Nov,302.0
Vung Tau,2024,Dec,299.0
Phu Quoc,2024,Jan,113.0
Phu Quoc,2024,Feb,105.0
Phu Quoc,2024,Mar,103.0
Phu Quoc,2024,Apr,91.0
Phu Quoc,2024,May,93.0
Phu Quoc,2024,Jun,82.0
Phu Quoc,2024,Jul,86.0
Phu Quoc,2024,Aug,88.0
Phu Quoc,2024,Sep,89.0
Phu Quoc,2024,Oct,104.0
Phu Quoc,2024,Nov,121.0
Phu Quoc,2024,Dec,114.0
